2025-04-18 22:04:51,No detection
2025-04-18 22:05:19,No detection
2025-04-18 22:05:26,No detection
2025-04-18 22:06:06,No detection
2025-04-18 22:06:17,No detection
2025-04-18 22:06:40,No detection
2025-04-18 22:06:53,No detection
2025-04-18 22:07:13,No detection
2025-04-18 22:08:10,Human Detected
2025-04-18 22:09:01,No detection
2025-04-18 22:09:25,No detection
2025-04-18 22:09:33,No detection
2025-04-18 22:09:46,No detection
2025-04-18 22:10:06,No detection
2025-04-18 22:10:18,No detection
2025-04-18 22:10:25,No detection
2025-04-18 22:10:41,No detection
2025-04-18 22:10:55,No detection
2025-04-18 22:11:19,No detection
2025-04-18 22:11:30,No detection
2025-04-18 22:11:48,No detection
2025-04-18 22:12:10,No detection
2025-04-18 22:12:17,No detection
2025-04-18 22:12:28,No detection
2025-04-18 22:12:35,No detection
2025-04-18 22:12:44,No detection
2025-04-18 22:13:23,No detection
2025-04-18 22:13:55,No detection
2025-04-18 22:14:30,No detection
2025-04-18 22:14:45,Human Detected
2025-04-18 22:14:55,No detection
2025-04-18 22:15:12,No detection
2025-04-18 22:15:44,No detection
2025-04-18 22:16:04,No detection
2025-04-18 22:16:13,No detection
2025-04-18 22:16:22,No detection
2025-04-18 22:16:37,No detection
2025-04-18 22:17:17,No detection
2025-04-18 22:18:06,No detection
2025-04-18 22:18:22,Human Detected
2025-04-18 22:18:49,No detection
2025-04-18 22:19:04,Human Detected
2025-04-19 19:22:30,No detection
2025-04-19 19:22:43,No detection
2025-04-19 19:22:52,No detection
2025-04-19 19:23:24,No detection
2025-04-19 19:23:29,No detection
2025-04-19 19:23:31,No detection
2025-04-19 19:23:39,No detection
2025-04-19 19:23:44,No detection
2025-04-19 19:23:55,No detection
2025-04-19 19:24:04,No detection
2025-04-19 19:24:14,No detection
2025-04-19 19:24:22,No detection
2025-04-19 19:24:32,No detection
2025-04-19 19:24:46,No detection
2025-04-19 19:25:00,No detection
2025-04-19 19:25:12,No detection
2025-04-19 19:25:26,No detection
2025-04-19 19:25:43,No detection
2025-04-19 19:26:06,No detection
2025-04-19 19:26:16,No detection
2025-04-19 19:26:26,No detection
2025-04-19 19:26:31,No detection
2025-04-19 19:26:51,No detection
2025-04-19 19:27:07,No detection
2025-04-19 19:27:21,No detection
2025-04-19 19:27:33,No detection
2025-04-19 19:27:39,No detection
2025-04-19 19:28:16,No detection
2025-04-19 19:28:46,No detection
2025-04-19 19:28:46,No detection
2025-04-19 19:29:17,No detection
2025-04-19 19:29:25,No detection
2025-04-19 19:30:04,No detection
2025-04-19 19:31:01,No detection
2025-04-19 19:31:09,No detection
2025-04-19 19:31:33,No detection
2025-04-19 19:31:43,No detection
2025-04-19 19:31:58,No detection
2025-04-19 19:32:07,No detection
2025-04-19 19:32:24,No detection
2025-04-19 19:32:33,No detection
2025-04-19 19:35:14,No detection
2025-04-19 19:35:28,No detection
2025-04-19 19:35:30,No detection
2025-04-19 19:35:37,No detection
2025-04-19 19:35:44,No detection
2025-04-19 19:36:02,No detection
2025-04-19 19:36:18,No detection
2025-04-19 19:36:44,No detection
2025-04-19 19:37:00,No detection
2025-04-19 19:37:12,No detection
2025-04-19 19:37:18,No detection
2025-04-19 19:37:24,No detection
2025-04-19 19:37:35,No detection
2025-04-19 19:37:45,No detection
2025-04-19 19:37:57,No detection
2025-04-19 19:38:05,No detection
2025-04-19 19:38:13,No detection
2025-04-19 19:38:43,No detection
2025-04-19 19:38:52,No detection
2025-04-19 19:39:03,No detection
2025-04-19 19:39:13,No detection
2025-04-19 19:39:24,No detection
2025-04-19 19:39:31,No detection
2025-04-19 19:39:41,No detection
2025-04-19 19:39:46,No detection
2025-04-19 19:39:55,No detection
2025-04-19 19:40:02,No detection
2025-04-19 19:40:16,No detection
2025-04-19 19:40:25,No detection
2025-04-19 19:40:54,No detection
2025-04-19 19:41:17,No detection
2025-04-19 19:41:50,No detection
2025-04-19 19:42:39,No detection
2025-04-19 19:42:47,No detection
2025-04-19 19:42:54,No detection
2025-04-20 15:46:37,No detection
2025-04-20 15:46:45,No detection
2025-04-20 15:46:59,No detection
2025-04-20 15:47:28,No detection
2025-04-20 15:48:11,No detection
2025-04-20 15:49:29,No detection
2025-04-20 15:49:39,No detection
2025-04-20 15:50:05,No detection
2025-04-20 15:50:22,No detection
2025-04-20 15:50:58,No detection
2025-04-20 15:51:12,No detection
2025-04-20 15:51:20,No detection
2025-04-20 15:51:28,No detection
2025-04-20 15:51:48,No detection
2025-04-20 15:52:12,No detection
2025-04-20 15:52:34,No detection
2025-04-20 15:53:15,No detection
2025-04-20 15:53:27,No detection
2025-04-20 15:55:06,No detection
2025-04-20 15:55:15,Human Detected
2025-04-20 15:56:47,Human Detected
2025-04-20 15:57:25,No detection
2025-04-20 15:58:01,No detection
2025-04-20 15:58:51,No detection
2025-04-20 15:58:57,No detection
2025-04-20 16:00:04,No detection
2025-04-20 16:02:04,No detection
2025-04-20 16:02:38,No detection
2025-04-20 16:02:56,No detection
2025-04-20 16:04:11,No detection
2025-04-20 16:04:51,No detection
2025-04-20 16:05:17,No detection
2025-04-20 16:05:34,No detection
2025-04-20 16:05:44,No detection
2025-04-20 16:05:56,No detection
2025-04-20 16:06:02,No detection
2025-04-20 16:07:01,No detection
2025-04-20 16:07:22,No detection
2025-04-20 16:07:34,No detection
2025-04-20 16:07:51,No detection
2025-04-20 16:16:47,No detection
2025-04-20 16:18:29,No detection
2025-04-20 16:47:00,No detection
2025-04-20 16:47:55,No detection
2025-04-20 16:48:24,No detection
2025-04-20 16:48:46,No detection
2025-04-20 16:49:43,No detection
2025-04-20 16:49:50,No detection
2025-04-20 16:50:04,No detection
2025-04-20 17:07:53,No detection
2025-04-20 17:08:24,Human Detected
2025-04-20 17:08:33,Human Detected
2025-04-20 17:09:16,Human Detected
2025-04-20 17:09:47,Human Detected
2025-04-20 17:10:00,No detection
2025-04-20 17:10:16,Human Detected
2025-04-20 17:10:27,Human Detected
2025-04-20 17:10:38,No detection
2025-04-20 17:10:43,No detection
2025-04-20 17:10:52,Human Detected
2025-04-20 20:57:17,No detection
2025-04-20 20:57:29,No detection
2025-04-20 20:57:38,No detection
2025-04-20 20:57:52,No detection
2025-04-20 20:58:08,No detection
2025-04-20 20:58:32,No detection
2025-04-20 20:58:42,No detection
2025-04-20 20:58:51,No detection
2025-04-20 20:59:14,No detection
2025-04-20 20:59:23,No detection
2025-04-20 20:59:28,No detection
2025-04-20 20:59:37,No detection
2025-04-20 20:59:51,No detection
2025-04-20 21:00:11,No detection
2025-04-20 21:00:21,No detection
2025-04-20 21:00:46,No detection
2025-04-20 21:00:57,No detection
2025-04-20 21:01:12,No detection
2025-04-20 21:01:39,No detection
2025-04-20 21:01:45,No detection
2025-04-20 21:01:56,No detection
2025-04-20 21:02:06,No detection
2025-04-20 21:02:19,No detection
2025-04-20 21:02:27,No detection
2025-04-20 21:02:36,No detection
2025-04-20 21:02:47,No detection
2025-04-20 21:02:58,No detection
2025-04-20 21:03:08,No detection
2025-04-20 21:03:15,No detection
2025-04-20 23:14:41,No detection
2025-04-20 23:14:49,No detection
2025-04-20 23:32:07,No detection
2025-04-20 23:32:16,No detection
2025-04-21 01:27:25,No detection
2025-04-21 01:27:42,No detection
2025-04-21 01:27:53,No detection
2025-04-21 01:27:59,No detection
2025-04-21 01:28:06,No detection
2025-04-21 01:28:16,No detection
2025-04-21 01:28:22,No detection
2025-04-21 01:28:41,No detection
2025-04-21 01:28:48,No detection
2025-04-21 01:29:07,No detection
2025-04-21 01:29:15,No detection
2025-04-21 01:29:23,No detection
2025-04-21 01:29:36,Human Detected
2025-04-21 01:29:45,No detection
2025-04-21 01:30:12,No detection
2025-04-21 01:30:19,No detection
2025-04-21 01:31:23,No detection
2025-04-21 01:31:51,No detection
2025-04-21 01:32:37,No detection
2025-04-21 01:33:10,No detection
2025-04-21 01:33:32,No detection
2025-04-21 01:34:00,No detection
2025-04-21 01:34:44,No detection
2025-04-21 01:34:59,No detection
2025-04-21 01:35:16,No detection
2025-04-21 01:35:35,No detection
2025-04-21 01:36:25,No detection
2025-04-21 01:36:44,No detection
2025-04-21 01:36:57,No detection
2025-04-21 01:37:04,No detection
2025-04-21 01:37:15,No detection
2025-04-21 01:37:30,No detection
2025-04-21 01:37:39,No detection
2025-04-21 01:37:52,No detection
2025-04-21 01:38:07,Human Detected
2025-04-21 01:38:31,No detection
2025-04-21 01:38:37,No detection
2025-04-21 01:38:47,No detection
2025-04-21 01:38:59,No detection
2025-04-21 01:39:28,No detection
2025-04-21 01:40:22,No detection
2025-04-21 01:40:33,No detection
2025-04-21 01:40:43,No detection
2025-04-21 01:41:01,No detection
2025-04-21 01:41:10,No detection
2025-04-21 01:41:18,No detection
2025-04-21 01:41:26,Human Detected
2025-04-21 01:41:45,Human Detected
2025-04-21 01:42:05,Human Detected
2025-04-21 01:42:14,No detection
2025-04-21 01:42:33,Human Detected
2025-04-21 01:42:55,Human Detected
2025-04-21 01:43:22,Human Detected
2025-04-21 01:43:42,Human Detected
2025-04-21 01:44:13,Human Detected
2025-04-21 01:44:39,Human Detected
2025-04-21 01:45:18,Human Detected
2025-04-21 01:45:34,Human Detected
2025-04-21 01:45:46,Human Detected
2025-04-21 01:46:09,Human Detected
2025-04-21 01:46:21,Human Detected
2025-04-21 01:46:47,Human Detected
2025-04-21 01:47:15,Human Detected
2025-04-21 01:47:45,Human Detected
2025-04-21 01:47:55,Human Detected
2025-04-21 01:48:39,Human Detected
2025-04-21 01:48:47,Human Detected
2025-04-21 01:48:53,Human Detected
2025-04-21 01:49:15,Human Detected
2025-04-21 01:49:22,Human Detected
2025-04-21 01:49:50,Human Detected
2025-04-21 01:50:14,Human Detected
2025-04-21 01:50:36,Human Detected
2025-04-21 01:50:44,Human Detected
2025-04-21 01:51:34,Human Detected
2025-04-21 01:51:40,No detection
2025-04-21 01:51:55,No detection
2025-04-21 01:52:09,No detection
2025-04-21 01:52:21,Animal Detected
2025-04-21 01:52:35,Human Detected
2025-04-21 01:52:47,No detection
2025-04-21 01:52:59,No detection
2025-04-21 01:53:08,No detection
2025-04-21 01:53:14,No detection
2025-04-21 01:53:27,No detection
2025-04-21 01:53:36,No detection
2025-04-21 01:53:45,No detection
2025-04-21 01:53:59,No detection
2025-04-21 01:54:21,Human Detected
2025-04-21 01:54:58,Human Detected
2025-04-21 01:55:11,No detection
2025-04-21 01:55:29,No detection
2025-04-21 01:55:51,No detection
2025-04-21 01:57:02,No detection
2025-04-21 01:58:21,No detection
2025-04-21 01:58:36,No detection
2025-04-21 01:58:43,No detection
2025-04-21 01:59:40,No detection
2025-04-21 01:59:48,No detection
2025-04-21 01:59:56,No detection
2025-04-21 02:01:12,No detection
2025-04-21 02:01:19,No detection
2025-04-21 02:01:25,No detection
2025-04-21 02:01:31,No detection
2025-04-21 02:01:45,No detection
2025-04-21 02:02:10,No detection
2025-04-21 02:02:18,No detection
2025-04-21 02:02:28,No detection
2025-04-21 02:02:36,No detection
2025-04-21 02:02:51,No detection
2025-04-21 02:02:58,No detection
2025-04-21 02:03:08,No detection
2025-04-21 02:03:15,No detection
2025-04-21 02:03:34,No detection
2025-04-21 02:03:41,No detection
2025-04-21 02:03:59,No detection
2025-04-21 02:04:16,No detection
2025-04-21 02:04:35,No detection
2025-04-21 02:04:41,No detection
2025-04-21 02:04:57,No detection
2025-04-21 02:05:04,No detection
2025-04-21 02:05:14,No detection
2025-04-21 02:05:23,No detection
2025-04-21 02:05:31,Human Detected
2025-04-21 02:05:50,No detection
2025-04-21 02:06:00,No detection
2025-04-21 02:06:08,No detection
2025-04-21 02:06:28,No detection
2025-04-21 02:06:34,No detection
2025-04-21 02:06:45,No detection
2025-04-21 02:06:51,No detection
2025-04-21 02:30:00,No detection
2025-04-21 11:12:09,No detection
2025-04-21 11:12:18,No detection
2025-04-21 11:12:32,No detection
2025-04-21 11:12:40,No detection
2025-04-21 11:13:09,No detection
2025-04-21 11:13:19,No detection
2025-04-21 11:13:40,No detection
2025-04-21 13:19:36,No detection
2025-04-21 13:19:48,No detection
2025-04-21 13:20:03,No detection
2025-04-21 13:21:02,No detection
2025-04-21 13:21:15,Human Detected
2025-04-21 13:21:24,No detection
2025-04-21 13:22:39,No detection
2025-04-21 13:22:48,Human Detected
2025-04-21 13:22:57,Human Detected
2025-04-21 13:23:17,No detection
2025-04-21 13:23:33,Human Detected
2025-04-21 13:23:42,Human Detected
2025-04-21 13:25:07,No detection
2025-04-21 13:25:45,No detection
2025-04-21 13:25:59,No detection
2025-04-21 14:57:09,No detection
2025-04-21 14:57:18,No detection
2025-04-21 14:57:29,No detection
2025-04-21 14:57:36,Human Detected
2025-04-21 14:57:43,No detection
2025-04-21 14:57:55,Human Detected
2025-04-21 14:58:14,Human Detected
2025-04-21 14:58:23,Human Detected
2025-04-21 14:58:28,No detection
2025-04-21 14:59:08,No detection
2025-04-21 14:59:26,No detection
2025-04-21 14:59:35,No detection
2025-04-21 14:59:45,No detection
2025-04-21 15:00:03,Human Detected
2025-04-21 15:00:26,Human Detected
2025-04-21 15:00:35,Human Detected
2025-04-21 15:00:43,No detection
2025-04-21 15:00:52,No detection
2025-04-21 15:01:02,No detection
2025-04-21 15:01:12,No detection
2025-04-21 15:01:25,No detection
2025-04-21 15:01:34,No detection
2025-04-21 15:01:50,No detection
2025-04-21 15:02:19,No detection
2025-04-21 15:02:27,No detection
2025-04-21 15:03:49,No detection
2025-04-21 15:03:57,No detection
2025-04-21 15:04:13,No detection
2025-04-21 15:04:36,Animal Detected
2025-04-21 15:04:48,Animal Detected
2025-04-21 15:04:57,No detection
2025-04-21 15:05:14,Animal Detected
2025-04-21 15:05:38,Animal Detected
2025-04-21 15:05:48,Animal Detected
2025-04-21 15:05:55,Animal Detected
2025-04-21 15:06:25,Animal Detected
2025-04-21 15:06:37,Animal Detected
2025-04-21 15:06:52,Animal Detected
2025-04-21 15:07:08,Human Detected
2025-04-21 15:07:35,Animal Detected
2025-04-21 15:07:44,Animal Detected
2025-04-21 15:08:15,Animal Detected
2025-04-21 15:10:56,Human Detected
2025-04-21 15:11:11,No detection
2025-04-21 15:12:41,Animal Detected
2025-04-21 15:12:51,Animal Detected
2025-04-21 15:13:00,No detection
2025-04-21 15:13:07,No detection
2025-04-21 15:13:34,Human Detected
2025-04-21 15:14:40,No detection
2025-04-21 15:15:03,No detection
2025-04-21 15:15:22,No detection
2025-04-21 15:15:36,No detection
2025-04-21 15:15:55,No detection
2025-04-21 15:16:15,No detection
2025-04-21 15:16:26,No detection
2025-04-21 15:16:35,No detection
2025-04-21 15:16:46,No detection
2025-04-21 15:17:55,No detection
2025-04-21 15:18:05,No detection
2025-04-21 15:18:17,No detection
2025-04-21 15:18:43,No detection
2025-04-21 15:18:54,No detection
2025-04-21 15:19:15,No detection
2025-04-21 15:19:25,Human Detected
2025-04-21 15:19:47,No detection
2025-04-21 15:19:54,No detection
2025-04-21 15:20:16,No detection
2025-04-21 15:20:25,No detection
2025-04-21 15:20:59,No detection
2025-04-21 15:21:09,No detection
2025-04-21 15:22:20,No detection
2025-04-21 15:22:54,No detection
2025-04-21 15:23:21,No detection
2025-04-21 15:23:29,No detection
2025-04-21 15:23:48,No detection
2025-04-21 15:23:57,No detection
2025-04-21 15:24:11,No detection
2025-04-21 15:24:26,No detection
2025-04-21 15:24:47,No detection
2025-04-21 15:25:04,No detection
2025-04-21 15:25:38,No detection
2025-04-21 15:25:52,No detection
2025-04-21 15:26:22,No detection
2025-04-21 15:26:53,No detection
2025-04-21 15:27:10,No detection
2025-04-21 15:27:23,No detection
2025-04-21 15:27:39,No detection
2025-04-21 15:27:45,No detection
2025-04-21 15:27:56,No detection
2025-04-21 15:28:05,No detection
2025-04-21 15:28:40,No detection
2025-04-21 15:29:31,No detection
2025-04-21 15:29:56,No detection
2025-04-21 15:30:29,Human Detected
2025-04-21 15:30:35,No detection
2025-04-21 15:30:52,No detection
2025-04-21 15:31:14,No detection
2025-04-21 15:31:28,No detection
2025-04-21 15:31:39,No detection
2025-04-21 15:31:45,No detection
2025-04-21 15:32:00,No detection
2025-04-21 15:32:47,No detection
2025-04-21 15:32:57,No detection
2025-04-21 15:33:09,No detection
2025-04-21 15:33:28,No detection
2025-04-21 15:33:42,No detection
2025-04-21 15:33:50,No detection
2025-04-21 15:33:56,No detection
2025-04-21 15:34:02,No detection
2025-04-21 15:34:14,Human Detected
2025-04-21 15:34:18,No detection
2025-04-21 15:34:27,No detection
2025-04-21 15:34:48,No detection
2025-04-21 15:34:54,No detection
2025-04-21 15:35:06,No detection
2025-04-21 15:35:16,No detection
2025-04-21 15:35:26,No detection
2025-04-21 15:35:33,No detection
2025-04-21 15:35:41,No detection
2025-04-21 15:35:47,No detection
2025-04-21 15:35:56,Human Detected
2025-04-21 15:36:02,No detection
2025-04-21 15:36:10,No detection
2025-04-21 15:36:16,No detection
2025-04-21 15:36:26,Human Detected
2025-04-21 15:36:39,No detection
2025-04-21 15:36:53,Human Detected
2025-04-21 15:36:59,No detection
2025-04-21 15:37:09,No detection
2025-04-21 15:37:25,Human Detected
2025-04-21 15:37:33,Human Detected
2025-04-21 15:37:41,Human Detected
2025-04-21 15:37:49,No detection
2025-04-21 15:38:03,Human Detected
2025-04-21 15:38:10,No detection
2025-04-21 15:38:20,Human Detected
2025-04-21 15:38:25,No detection
2025-04-21 15:38:31,No detection
2025-04-21 15:38:41,Human Detected
2025-04-21 15:38:47,No detection
2025-04-21 15:38:57,No detection
2025-04-21 15:39:06,No detection
2025-04-21 15:39:15,No detection
2025-04-21 15:39:21,No detection
2025-04-21 15:39:29,No detection
2025-04-21 15:39:35,No detection
2025-04-21 15:39:41,No detection
2025-04-21 15:39:51,No detection
2025-04-21 15:39:58,No detection
2025-04-21 15:40:10,Human Detected
2025-04-21 15:40:18,Human Detected
2025-04-21 15:40:40,No detection
2025-04-21 15:40:46,No detection
2025-04-21 15:40:56,Human Detected
2025-04-21 15:41:04,Human Detected
2025-04-21 15:41:09,No detection
2025-04-21 15:41:15,No detection
2025-04-21 15:41:33,No detection
2025-04-21 15:41:44,Human Detected
2025-04-21 15:41:49,No detection
2025-04-21 15:41:56,No detection
2025-04-21 15:42:05,Human Detected
2025-04-21 15:42:17,Human Detected
2025-04-21 15:42:19,No detection
2025-04-21 15:42:29,No detection
2025-04-21 15:42:57,Human Detected
2025-04-21 15:43:05,No detection
2025-04-21 15:43:15,No detection
2025-04-21 15:43:27,No detection
2025-04-21 15:43:37,No detection
2025-04-21 15:43:45,No detection
2025-04-21 15:43:53,No detection
